capture_id,entrance_id,image_sha256,depth_sha256,sidecar_sha256,split
E-001-3217,E-001,96de2fd15a40fa22368df173ced7c91d7ddeb606239bad400b31415b41b70ce9,,ee226df79bb0e2399c9b62153de3a7211efd7002025604a05966e320f1f786b0,dev
E-001-3218,E-001,78a84749ae036f827bec38d105b61fc8fc0433a5f3cab32665dda79ad6270e85,,76692336150455d23a724ff060f37b8c2324e7bb2cbacb6cdcb02a17f15b2ff9,dev
E-001-3219,E-001,47e0d699895d5dfdb761223088133fd37ac9cf22727e0bacce372683ec640391,,e4058f6fa209ff821f12c7779e67c1a6bee096072b537630f4d39d44ee99500f,dev
E-001-3220,E-001,569c5199f5da395096ec251d6ea720d393b39e11610907b2aedd53bd02df702b,,a01f93761f48b2bdf69be0474eb4fd024bef8f9be1be2a32fd93a10850a99380,dev
E-002-3223,E-002,b5a4f7009955319631cdd8bda3853f64e03005bc48292b7a0bb314ef9816d146,,1fbc8285b0bfa8518de1cb147d7c917fbe936f4f78619b1de4e0b9e6f670c6a9,sealed
E-002-3224,E-002,ac0741aa550ee29f64ba74bee9413490b05555e1e7f3fbd5fedf93aa24ac02a3,,bc790f17de95a929119b7aaaa4d872434ac2f5f76b4d06f9e636f65db0fde944,sealed
E-002-3227,E-002,8eb6a4cec8f380bfd5c1d3e5b9e60fbb39b247bbbcbf4d3623e4210dec227856,,b54ae3743d30067ed235288df6e2161537aadf815cc92c6386d0a9e8ed134225,sealed
E-003-3228,E-003,3c9b7696383551ff0ba04188c237c0a03cabbc2850d7101f92695bb466603dcf,,e9490ad93d7cd748ad0669c0b3584ceee8fd55b0c0f1c7ee4b222606cbdad8e1,dev
E-003-3230,E-003,c672d7bdb049b9baebbb40e62f443c85b5456ff7dd4a37255656cef9f55b1c8c,,b8684238622d3a568eb72037db63aa717fd153ed501b34f5db45a59563d4bf68,dev
E-003-3231,E-003,bf3410b77b4c1321f1c90a35dfb3fc78e0a150f722f5d78a2ec123bac3d5c2d8,,137165f41fff67d47af052da20d17b435de763a1e7115a35bea863f4379f8126,dev
E-003-3232,E-003,e97d9c693eeddf9240dcb7a6a0eb37fc82dc846a346a0b832da0e7e9e21aec71,,ab05cc679f235538b0c45dda9e71bead02aba8531a10f32ffedc6553aa01aab1,dev
E-003-3233,E-003,5f40356702d071de3214d71c7b4faec276cd5fab96e95bb6218ce347e306d99a,,1c8173e53f7eabd2b2af298c6733b7476e1c78f6e49aa9325b90486ff0a6b7b5,dev
E-004-3234,E-004,7a40f8c3ec8bd3ca35026e5162e280e05d3a8d1f95cc99137500a915a1ba4d36,,840bfb8e0cf504bfa43530d09a0c90184f453c32506870df1e3e7a1e9142ad55,calib
E-004-3235,E-004,3583c735a0cd045807ddcee35ce611b4a80bbf4f133c92c31bf74297b7d3b9a7,,eb4c6cddd80f00786ebee2df9f95b9711320e261383503515ac915e9cdbaca3f,calib
E-004-3236,E-004,80b4431a9e7ac8e695a62903bda01f8a43936cf68643c857b773589bf6822b6b,,f26ddc59153081abb622a41de7ed936a3ec89950ff4fffce1bc34f4ca274df0f,calib
E-004-3238,E-004,2c627ee0d83147275cf2f6c9d2f877274c6af005222463d5ec16728722b78875,,8a4506bbf17c71c9764ce9c232b48327f1b44d18bc92766a73ed46f514102cb1,calib
E-004-3239,E-004,8824674feee59a446e5a066156a1445f2a2a795d0b8cf63713a9866636e260ad,,d9fa2c4ebf70614e7cfc5bdd95e0a776028b3e539989107287ffd44ad8df8bfc,calib
E-005-3241,E-005,28b77f2da36ac3819c37f04d188171db6fae9dc1ec27233a0a641d6afc54581f,,0837620395a32942014ec964b4be3f7557cc414562b18761df277c63fdf5e8af,sealed
E-005-3242,E-005,8f94c0d976e8c3c6f0bd34e588032b487a3d8f03b0c08c1387e473a1a4e33ae0,,40106e85b5a1cbfdb467d18b1b33cd2f9d7103cd19d1c18bbe8507b9bf6095a1,sealed
E-005-3243,E-005,b6f4539677accdcc703818a9e966eac9de8198fd59c5c83b1dba2bc4d5c425ef,,70a10089a5e21f893d49df1566736ed9e4f104c8cce964522b5b7b116dfdba6f,sealed
E-005-3245,E-005,9fd5baa698151fd0d73f706cea15744188c8dff3cd491aa33da55a0ef262176f,,8460aa223a218ad217878b396468a86b2fd7d0a0762ac3bc73d4b6ac98f577c1,sealed
E-005-3246,E-005,b126b04d838d0c9cf95382c2d35e0855127f341df171705d0ac5ff155db5603b,,38cdc8cea291aa837e592606025bb5274b72423159e0438b4b7752ed184fb787,sealed
E-006-3247,E-006,690ab15cc07f7aec56a66a5214ac22d49a1d680eef3224014ce10707caa0df0e,,f58ea5c46a3e9d4b77620d7ba543a62b2f33a952ff724271a7c5323ec8c5026b,sealed
E-006-3248,E-006,5716b93ff4762f32b46083a66cab6c22d18cbc9a63b5c02e6ddc463bf0b325fa,,97f82f37d3f635ee544fe91a5b500ff2610879c73cfb8c1f5eb373d10433fa60,sealed
E-006-3249,E-006,e42455d0691478ae1d3097451719c507396918bc3ae897885c290ccc8fac9513,,4e7c70b5198550f20cb3687ff800481095a6ead3343f826d9774dbcc8c5a59e5,sealed
E-006-3251,E-006,9edc68674be4b2b9474120e6ee576f49ee5cf0c7d1deff4f0d16d971aaa2bb40,,31d653cae98b5f207f5cd69f05b25af33d18805c6948ee53bdd8cf3d92f3a69c,sealed
E-006-3252,E-006,1b93655ab49c679104cabe2d9ddac721670b8f27887a58799cde78a0b2adb7ef,,0a9f0a568fd9ec3608c3d8ad7fc0948f0825a8434052b97bde20e8bd141fef25,sealed
E-006-3253,E-006,743e5023d628672e008815048e097b7d197f5862b597432e9f1ebc50e76d7266,,50d517817388817a1de42c20ab325624c871932627c454c4ac4f98daee392ee3,sealed
E-007-3254,E-007,226646a7f8b0bfba62086e52241378634fadd2fbbbc85414cd282a1293c230ec,,dc79afcc736c33372f991c1250dc0cf31b71ba0a1de166d5bdbfb5d9fb064db5,dev
E-007-3255,E-007,0faae7013274d21559bbd57dcba1dc748f7458126d525570763c95fa38209be5,,b47abbd311197da51e6b14119f2891cd90ad50fb374d2d88cd297fdd7ecacb13,dev
E-007-3256,E-007,bf91b9a2ddb53bdc3f02bde1437d380c2fc87fdc7759c7581b1ad4f77f3f1373,,16578c4f11824e85fc568de511a5586e2552aea49cc29e6d4d94f1070f2ee92f,dev
E-007-3257,E-007,07999f5cd1699dc8245e1c9db61440da8faae1c18add87fcabe87e408c812f6f,,8c1da080b76bd87d3fd1eafaf1fac9195a4f7ad6875671613ae03a50b9d9481e,dev
E-008-3259,E-008,5c074a0893df7c54b0317a4096fa4400d11ce97e806ff33d774f8023d0d9c96b,,e57771f91e78ea758d79adb7eda8ea6f2db1c704c2943340efa77fa23bfe5d0c,calib
E-008-3260,E-008,0dc278370fade1dbd53414dc378dd7a36c34744367d4e9e4e5e26e3d249db032,,5fcb0084f5dc840f2ff776398b930f3d2a52d52507b11fe54f56cd7c6f0c9db9,calib
E-008-3263,E-008,08b5c213f55ce51411b74373f6fae22c7e60cb2a6332c4beb6f03264b4ffa329,,9f808caf102bb4afa2443e694979f809280a4fae56d9b9286d0f05c6b7b5f8c2,calib
E-008-3264,E-008,6bcd71191393c2c4fc4e395855c5bd2fd22c44c4d115b023cc0d29b15abc03b0,,fd0bb37324c1b0bfe57963edaba6051478cf3781a28de84bba8df1ca1a78f996,calib
E-008-3265,E-008,bbd7f3e1bf8a76a805aa38f1f4e11b48521e1808e58edef43fcf51dccbae4034,,1560eb00639d3505a390cffde0bf460c38c5f2b472b38be92d79344b64d946af,calib
E-009-3266,E-009,926833b7dd867909f981dca0051ecb3ccd6f13fb687fc50e86469a19a0f8d8ba,,0b8ba7309e40b500dc4f1230fe4b0b7d4e0a929f4d32892ef3afa26912fefdbf,dev
E-009-3267,E-009,dd6947f386d1ef2a546fd7e780a3696c20d1624284cf15b84b7f7fb0f0b88517,,aea1d5a3dec4b7a5dd90939c40745f48d25828f7b01f7cb325bc7ea59244324b,dev
E-009-3268,E-009,c58e73226e9387b66a60888e2ed754ae6db06cff421ebcb00b779e5935dce776,,9acc9b2105bd27d06deedf1cabcfacc7f4516d7edda29f4c7993d00fac79e268,dev
E-010-3269,E-010,54f54486e8b228540895d08cc6dbe3fc4d1dfa480791e4d956e2832507917afa,,8db7163d31eaf8cd415ce662b5a80157f6ca081c2b15d1dc168f17008869ce60,dev
E-010-3270,E-010,1445afeb00c9bea1d3e2514a91e27abaa93285d0651dcdba44925ccf2fe4b32e,,8e015e40fa9bea182670d0aec02219e4071ba6c8582aa155e71d59a8a728c882,dev
E-010-3273,E-010,600116afc3880c1922b467dce1826d62501f8c51f32796f4e135895b897e8c9d,,e54c1fe285cc206c41e7ef52bdef8a76118d3cad20ac3cea25840c0c5ecc3b58,dev
E-011-3274,E-011,055f920755b02a80393ad660a08aa3cc893979b909458b945f8ad037abf1ce77,,65d63a40933bdb60d941abac4bb010f9245b0018b0ad4f85210cbbef30e7e6bb,sealed
E-011-3275,E-011,a8f9e85464a06d6a53e7a9941cdc7495c86bba6476fa0b2c3927a9c3c4704431,,16cab141cc597d1fe73e3c822eb8094aa5802becf07542d4e66551f2bf0e6784,sealed
E-011-3278,E-011,aea71016b1c3f3b0593127b5ec0e3adb66c2b7f352c8977d85bb39bc6c09ec4f,,d2cef0f8fc11b4d4c8435901bc7105bd6d2832f7b7f5d57e67ccb31daf8f0a3e,sealed
E-012-3279,E-012,1d68d61d67e894faca7d33a3ea154d344489af5ac9fcd66b0919a23a6f3f3f9f,,d5e1a220f1f50fd4df6c244371649575b089947ed5d6974d88c878a45061b4c1,calib
E-012-3282,E-012,38dec751f00e1f96034cf6886d06f7bc22201b874db66f88332117be26a65ca1,,78a0a3530e260b83fa53f793a69ace4dc4d8d265084783599cbb28569af98a63,calib
E-001-3221-p,E-001,3bbb30cd3af2231d3a96dbdcc1b0847d63f438d946e3fd401751be88b2ccfb22,,7011935946297fffd4f6167d75cdbdc75bfaab5ee0502f6659ba594f026d9a4c,dev
E-001-3222-p,E-001,e7cc261bafdd83e3d7cf18903d8c9a6dff70afcf9621c6e1584f788b147b0d2f,,9d9d3be0ed3401bcd12fcab5255f5d9b54c35fdd9216e229444b3b21caea99bd,dev
E-002-3225-p,E-002,64af55b8fd51f52688d605c2accf2bb564f9f555baf3a72ba2b33ba22f763642,,dd1ba408e5485825b1a4339931e86f69637c61c4fda4df619bf3d20affb91b66,sealed
E-002-3226-p,E-002,ca72c7c65768eaae7137069547b19822422a213ac4a5c966adcd46fff062540a,,7c0ca0e64981efec8ad3e7dd1a6957a07479d38efa08dae59600da77bc90d214,sealed
E-003-3229-p,E-003,633b11d248d73654907ebba418528535f3ca4485093e1e3f927a8e4c834a2192,,8d928bfb338bd5ea034b75ddd609d157a3b6ba1a52e0257f47fece803df567c2,dev
E-004-3240-p,E-004,5c25d249ad3dfe63c47f3a8487e8bffe132e525528263aa25162ce2d20a85b6d,,fc6c0e3dfa1dc4838c169fdef127a656e08bf0df0f65a7a2053a7db1d52f012a,calib
E-005-3244-p,E-005,f14c3b5c54371b9674f948994d31831873f87084076e493fb95ba87ab4d7d027,,161be87d4dfc4bcd0661f764d986cde1787915d111138195dd3dde3e2654f50f,sealed
E-006-3250-p,E-006,bc3898a4520b53a0c002062d1bcc8920d55b7fda7a3018d4a106fc4307929f06,,494c31d9ff8f8420c98b6ef0d28cfc50736a9dc2004459c03f116571eddcb14c,sealed
E-007-3258-p,E-007,d0771132076ac24602f83221b8bf7d497912a26396d3e48f2ba652ff983321fc,,7f8f406e942251e8a3b6bfe404e53264c2250fb2e9743fc6969b9cd4f1011413,dev
E-008-3261-p,E-008,a576b1e934f4b9fa936577c4a815d57b2ebf7a187935d873a32e3a3cf4c7599a,,84dc823bc21d80497d736e1a633d2f95598cf6d314d0cd124c4212406f1545b2,calib
E-008-3262-p,E-008,2011bb572ff97a9e9c534cda7435d11dcdb68b08074fe233837b286363335934,,8bf5102314b72c6161fd99f85fb6f23f837e5d5c2c429b3728c45ebd101ed539,calib
E-010-3271-p,E-010,653361c57fd64a08509bd086ec909b5e54dd9f7a89fed0e457e882cf2d86e304,,67ed1a5464173151f8e9ff1975f58e474a16237f9e7c16d5c0302b37ed1eb310,dev
E-010-3272-p,E-010,242fafe224de98407569c924e582ab7aa1d4232bf3290343162cdfa5fe1f9931,,a33164e148412d6d4c78aed53186afba06a7f30363fbdb415dbad17660c52dae,dev
E-011-3276-p,E-011,61601e927019138d52eac2d9da87cd833b843cf3a06461f86e90ea4387c7fb04,,a6ec3a820482c41444ff70c8ae60dacb039d637e8d1d787182eb20e7499882bf,sealed
E-011-3277-p,E-011,972b21f584c2cf13d73aabff914e4669ffb0867699422d4fecd465f1e0c7da06,,3207da4fcf48cf333eaab855db63e73be017a9bb614ef53e9080c6c75a41f2f2,sealed
E-012-3280-p,E-012,96a89a7b4ee90cbef70bd98451527a5cc04f31996dfbce4a42c0c13a33abcc4a,,6cfc6b2894a2f3622331bb7e7d7c193889aa05435e4ced90cd5463877916c734,calib
E-012-3281-p,E-012,889610e769d34a0a191a15189a6c3e0b52f5fbb968aa3a1c71fafc5e460b0c27,,2e247c3be37ccc1d3f6ad538c0681e03c1e904443d97e5997270c5cb1caeac00,calib
E-013-3329-p,E-013,2b652b892daa320c6d8bd9548153b57bc13fe0d1be5bf40fe03dead70a1ea86f,,33aa64526fcd00050e2fc2890a34f1f02ac25f0594226b59fba3aaf72febc66e,dev
E-013-3330-p,E-013,8d10481dfb50e3d3e3f06cf10dbcd073ac19649fccba7200f81cd4c0d0b31ee2,,582a8e8428c5040e1e41412a5a99c368db00fe340dfc6264146224460587b413,dev
E-013-3331-p,E-013,8a19d5e43362e976e09f6461492a915c6944181d4f2f6e0c1d9c28f1dc183c5c,,f830a87d6ab5ab64395803bf39079ba109a165a0908c86c2b3c31a9ee0bb9890,dev
E-014-3332-p,E-014,448d66cfb4f26ba272180d9c7f370f497f3e6a8a6a308734e1b144659bf99f01,,1a662b71d9593f59c26313c2f5fac9455fbd9c09e59c3ac69f3253b46d1f752e,sealed
E-015-3338-p,E-015,4c4f11aff5e60261eb5aed58e23a9fb21955edda0a3a921ae1b01670ca0e60b4,,73afffb14bd12b2a1851db0c87f356ad7e7ab91834a8c4282554ee677abd8290,sealed
E-015-3339-p,E-015,a9052d3a82d591769ab45dfd3a7f17191a17d764cce70345c061407079783f88,,f520da55304b2eff690b434beab168b07b4989655f34cefe0eaeacafc7dcb69c,sealed
E-015-3340-p,E-015,197292fbfb1fbe481457337a60922d97a7ae83dffc74b972d1061ff96f3301cf,,9a4b35e84113783dbf5c0e3a2160031058c481bddb95c39a8b77b02a231d73d1,sealed
E-015-3341-p,E-015,b162990bde521c12d4eff0c1599cefa452829caee4d83fc5e21f8ff90c0f0713,,61d95287df862cb44fb81402216a82c1710126c854397fda4dfc5d8a2501163d,sealed
E-016-3351-p,E-016,1680bed89c27e7004c400693253607672174fe67a6e96fac88e0cab7241ef781,,3441ea3b1c7ba59b270be231740702320075e5723b8a0ab474f4913e18e4cf57,sealed
E-016-3352-p,E-016,48f7b9b5ae84f0bbff357dc7da938a59909916fb272ca1de9d8bdc7364c845ee,,a24c06b1cf65fec1bed6144d132f2be25d9df3f66b1372052d1da1d349451470,sealed
E-016-3353-p,E-016,b609a15f0ec8d24569b44b93331b2fa0affbf6738c9fc3324102b1919598f9f7,,f95d493bbdd19ce2765e73a47bfee80621504fed5fa41e5deec9b12f3eee4386,sealed
E-016-3354-p,E-016,9f22ccd499e13e2ae4fc2c98264671d3433a9cc3915721b9cd975a9ab419a6f1,,d5b1b60d8b8e37cca1282fd4dcf9ba37631fd27e1286c96cde44ba14683df7c6,sealed
E-016-3355-p,E-016,ff894c189105427b88c9fcbf0ee6719916e5ddb2ce99c2fe85db16ffb383931a,,03bdabffeb0b05d2275986460f2a1521b6bb6472351e2398571bdea0a9bbeadf,sealed
E-017-3356-p,E-017,9e4a235481f13abe63a44e35796dc221a5bfc6e3c1a01efacc4f4fb83ac696ff,,3818d39f899e4daee291019f8b3bc5e14c53c5b6ea1e3c93edb4ddb3e3ac1ed6,dev
E-017-3357-p,E-017,13a8c8b2db311667a8f9a9f2b9d1fdc9ec43f691df2a97c1fc333bf3441b87b3,,e8cbb23800a00d7a68a639ab5a65e3af48fa7d08b453f8cb5c0cb3d0718528af,dev
E-017-3358-p,E-017,e87f552e46cceed5c5b01d5f16644cdc2174473f761a7ddecc8d2153f17e57e6,,108c05514b7063c912c17db3cbb1d6248802851b821bc77b4f3ac2b8e905fc73,dev
E-017-3359-p,E-017,c9053a88d6007789585a62929b8a8594121834ff9672105f3a0fd73e383081a5,,1281bf2df465f09d0676054441e465e34c777c94b906a1bf9ea585bcb9c1fc44,dev
E-017-3360-p,E-017,b67dcb9e391f772e5bcda418d4d59325badc67f3c43eb0aab071ddd78aadd2e8,,8a2a24664b17e5d2c722ae70f255deb7dd92ac84dcaacb48a8ebd47a673ff472,dev
E-018-3361-p,E-018,bf6bc4039922585c03cb6ae008b53e8a0281df0b376a068058d7cdbd745f0321,,f65fdbc1a7cad0fa848a3bbe0ed38cc3e18d6c5e60c43ffdabb3d890274d81e2,dev
E-018-3362-p,E-018,eb8d6a1e8650597939ccb2353fdc2223320ae0e10fff532ab13a3fe41e554e65,,9b0135b8cbb54740a7101e5574c7ebb8499cee631ca8b189586996addcb51b47,dev
E-018-3363-p,E-018,8ccaf0e1ff4bef2bbba3899fceca004d14dde5b6c3fa7f5f075983bfb29fcacb,,f5ed2fd85f49c04ab3896645f960e83357fc33bcc723c070a69f324c14be164f,dev
E-018-3364-p,E-018,54e7e007c56320e2d8def7a211ba655fa3637905abf19418878d274d0dd9f9f0,,4c81c971aef248140c1a2b51f44fcc3dee8e034acc0cd0aa2f4fe7ba5689c563,dev
E-018-3365-p,E-018,7ba9214d2fef77e3e3d99bafbd9aeeb9f805258441023565f337f148551d776c,,cf226d1cf7ba7c994f7f915a422cde73a75d4c5e52524475b6ab8b1d82b52b39,dev
E-019-3366-p,E-019,43433508e1330c983ab9250c905e65acab75599229e305760ce60d255a719eba,,e4814b43e860c4912088e62992431e28b170f50bdaf44137c1652bcffe53eaf8,dev
E-019-3367-p,E-019,2ae75be797d088ca11b3c9bd49757ef8e973b796cb94a9741fe0982f181b9c9d,,b485d0af9e0ab18ab4bf094bd3d99ca93b60908f41aaab99865daa4b3f8d3a37,dev
E-019-3368-p,E-019,7759f3ca2fff12c1dac487f982e765bd4e8623936ef4a120c2381ef334964bad,,8123763cf8527ea5efd20bf479dc7b6d0cbd4876a267186d7ae86bde59c2e0fe,dev
E-019-3369-p,E-019,003c20480a262a840595840e9f7a5c64735b67456ebf86e810b223af280e3a6c,,12784e42c211a644609d9aaa14ebc622dd1c1987dbfcee069b3c1a5569f7dad5,dev
E-020-3370-p,E-020,326ae5be1e7d39a2bc3cedf719c300f491ab663bbf0ca3e585bff5e3a6dab48a,,761258d1ead4d4b20fa453ef2cd0bee780144c06f8a0f5f3089d8d94e676f478,calib
E-020-3371-p,E-020,e88ee0a5efc3b2dad51a91b06cca548b912a52f75ba3731748a438bab24ad1a8,,3c0955322ab56a80d946fbcfacf98c34e33656f0841775703e74cb607c546ffb,calib
E-020-3372-p,E-020,eeb7648fed1087dc1c8f08ebeebce6765d057125ffeeb73f2994aac6b99b8f6f,,7d095b9cbc6b161e683657f12af48da28732fee35e120e109ad047af80cb357e,calib
E-020-3373-p,E-020,2bbb106e5418be14e025f2c8d8aca4add8de79ec2e124eab76d636805b4af6c0,,949f716ea8ff0e7c557aa47042c866b2a9f6a2cc7cd1f632cad04c2133420b47,calib
E-020-3374-p,E-020,c0212b7ebdc1f73f005167793c76dd5d9ff681516c497f7939c4ce2812a78c0e,,be6297036da1fc78e7e25ed6fd5d599a814ef6ab9830edb39ad8928865255de6,calib
E-021-3375-p,E-021,95d7749d73c9841955480b55ec8cdfb07981a09a6913ebe1ac3f25008069e043,,0bf687988d362bf42b615af6940b847db247e459114179e76ef28adc54d6afeb,sealed
E-021-3376-p,E-021,40c52c4bbf8de90dd949ad202af99f8218f43fa410b90ae0d9eea52961375b6b,,d2125b63297f45c0782df98a1d74b2846b70e3abe7011106d7c96e8dff8838cc,sealed
E-021-3377-p,E-021,2a1e481ecf6a7a6d2256c27b682c21ba0557330279703306686786095c4ad9df,,a6ff50028da72ebfa8969e6f9641b966807661274497513c964b24171b20d61b,sealed
E-021-3378-p,E-021,b27e60e94160992d988e6d05bfc31a0f150209520b28ee04a3f6f1d87a7f203e,,1393d6eb0c602cc59bfb42cb8deb92638ca34f59ee3d9c304ce52de85a1a536d,sealed
E-022-3379-p,E-022,1dacd36a43d7c0e4a61e4afc5367571acd1d94568fd1b4fd4850b51153fae45c,,88c75a60386ce6da943cbbe3783c3501540a4612fc290de643d61ec87e61b3ad,dev
E-022-3380-p,E-022,4d9d6216d91d1e5a1cbb6577a96e8fe612bd05905ccb46cd9aca9d3c78f10caf,,f12ddf5c695ac52afb782a979389f19dac435fda5c623f6b05a98764b3fd3626,dev
E-022-3381-p,E-022,b36f5567b57d4ca5a8dfca2c445c15a2c539585a7fc5dc5389a5250181797410,,1a76e50267ff53d1ec605200b090e5bc77a608b04512e2bd19acd46d8a8b0cb0,dev
E-022-3382-p,E-022,f94fb19f14090b7c1331771eab6ea9ae6733f66a8bd604b9378cefd1fe6a570b,,139e8619f7c714287a1fc14d2ea9bf9ab21346d2fd3cefa79eb8627c6a934f16,dev
E-022-3383-p,E-022,79b42b37eff9dbcce4b34b77571cccf96b4117401f32f265a966b1fb73f33b39,,4fd05e10f75d8b2f5426fdf810410449d1f8aacc2993726a6efc613cd1dea94e,dev
E-022-3384-p,E-022,2a1b9ac9fbec05ef24dfa46d163ef0df275ed6afcda831f11008e8afc28b2f2d,,aee6dfc81191a1240f94cfc5b46ba4af8dd668795f521c1dc86000071ccb7978,dev
E-023-3385-p,E-023,576fc7d5ecc9edd4467e495d0f318f53080af17a3f4c7a6cbb5d3d643a1f543d,,d1e48c92013180080a0d4b9e8ca35977c317e96cb647d4d565b7db5eb23b48f9,dev
E-023-3386-p,E-023,5324d20e751996b7c47aef507e65f819a9a8e49e4943b6f3b576b292145e1fc1,,f10cc0bcdc251083aa008133a7049e3c7cf807bf96ba186c2375d50e8713bfb8,dev
E-023-3387-p,E-023,98116b7f5f1f2f0f5e3cccbe889925c1453ec572c9a24f086e64fdf699c00ceb,,9ef485cde2149e69dd8f628ba316ce72c28a5da2d227c650c7637a49b38b0387,dev
E-024-3388-p,E-024,951e570d5536e6ff9123b9d6fa04c774a3cf503afe78d1f824e393438efedd63,,8dd020b8ab230c75682999cc2ec7833665c69afdcf4a984c036beb1dd9c63c12,calib
E-024-3389-p,E-024,ce9378e3b859e8ae06a8975da1b91153090bd7acda6aa5a1432035aa15de474f,,09b72b88e18f2f797e8408c6bd8643c0cc94a594d32bd9c863aea00f96dca53d,calib
E-024-3390-p,E-024,d01e98bc9d71e7b17f4c8da24cfbb8cfba7880267058d40c47697aa298b56198,,4e7f994de927f4822dbb912ffc5e598bc088a8c2eac2e9317df7304c6b40651e,calib
E-024-3391-p,E-024,0cbcdda684f3c8f7ab266a278e5a4b0a86aa4ec9269df561e7c2da80015b7aa3,,f5045310e7700cce8c1b1d798f27d4e41c283f1798ec58bf7694713224cd609a,calib
E-024-3392-p,E-024,f66c524f75a1692469f845415b2f064e0f3c226605d8d2ed3751e38593655bad,,e7f5f05d8c2531954b9f06d6765e79d647918adfae1429918dd12ef089bac389,calib
E-024-3393-p,E-024,05a0c574db9f082f56503f9c169945bd3c7698b91d4b81322fa29793f8038d40,,da30a6dbd55eddffe04e19b96ea59f29c4681357495d7fca55018039b680f313,calib
E-025-3394-p,E-025,45ca3ec0da1b0a9deaa89991bbe1f74b3812bdb0975e5b80ace029f8152bc8df,,2753121f1ba8ac97faee5ad8789bbec39a46964df67c1ddcd3b2d3e53910d3ea,calib
E-025-3395-p,E-025,6dd5c48c44128507d6e9c58ea1b6f19532fd97879f4c27853d7a6ede79c4917d,,a523c956e972dab0e52b7fbd618b4ed6d4f4f26301153a18822ac7552909ed62,calib
E-025-3396-p,E-025,ff4a116ab13c706ff4ffe4b21197b92c9a0ee0166f7ef3a1a4f4e5c1bfd4c1d1,,78e1710a8b6686819c01bd14af784d3525d782ed07191634d5b281dc1551173c,calib
E-025-3397-p,E-025,7cfb9bbc35e71122aa0e235f60629154b483ecb9c1926ca84bec939ccea9f720,,72916f12801de8ad3216d4b0f47d8b60c7f5bdcb49f0dbc5ba3c41befe68f070,calib
E-025-3398-p,E-025,91e56fe593b4b3bd7128034c99a7e346550f2de4e3420a4fefd83f72b1250cd8,,6e8e8500a250077579b9d64b7e1e6770b345d01bbdffbdbdfb3bd0b5dc187a08,calib
E-026-3399-p,E-026,4c3043784aafa4ec1720ad8463e1f11002e7d71912c83e3d9a167eecc103fbd1,,c510c19d6c044d5a1343a1476d3e755209ee5a1ae4e11d8b389b4bd2be0f57b5,dev
E-026-3400-p,E-026,8f2f882d25ebac345c6a8c3729d44110b9a7df4b82caf3f5f439b2a38b1a8566,,b169ae7d9b16f2c4da5f33226d07e76711c0b08dcc0b942dcf19116e72e492a1,dev
E-026-3401-p,E-026,eeff5c4f8654865e61fc16f60684badb042458d20c1d68e41aa65e64c791de12,,0f80dc4305f4de5d55cbc59f08e622467b3ee1fbdeab6de38f963865d8f1bad5,dev
E-026-3402-p,E-026,ccbcdf880f717e3c775df0e7cbd02e30467af5f764d0acde6c441734c639a866,,49de7941e274d4dc06b27f4bbc409b06e1be24685a6a2efd5bbb9a2538f2b94e,dev
E-026-3403-p,E-026,5bf44dd02c71701e35598ef1cd3255a890ee517314aa8cebf278ccda1a3c72a7,,96f77d6a46e23d9d4d4ec6ed587ec0254d941362994756e5610346c0857455fb,dev
E-027-3404-p,E-027,8011fe38d74ae841ff7bd5cea94a5a57595a5b32eafed36156e540d6e912c504,,772277d1460bdc065f99152f1be4a5ea1123d6b47be74f551ca6cf2932d773f2,dev
E-027-3405-p,E-027,f88459f8a94f8a09ba8c2061dfa22501b8c9251774eb629bcc7d1d01e1224fb1,,a5aced0c8aad32a5b387d3af96bd8c49e4c0f591537f19160f48124c13c0edb4,dev
E-027-3406-p,E-027,9eeecd70a8afd4cf38f32465670afb88862cbf5a29eeeca8cd9da7733be5b693,,2ed5a1154f600f34976548a1dd5f8f5cfb86cbc9ee8df08e2546f5783398584b,dev
E-027-3407-p,E-027,27370cf94f8cd1aafba75ff9b022689a8379fe49721f072e65977e110fb1bbd4,,c059cbb41d94fceafb960bdcf3cf1e91786630f80aca7930ab65dd9b540f3ca1,dev
E-027-3408-p,E-027,f09340f6ac58e416ef8ad1b441536c2b7ef9166ff55180f84b02b6b4b4020364,,5cbcc56b7377579b4530e13db90e04c87845bbfedafce91c63655a852131b83f,dev
E-028-3409-p,E-028,113380edb1add03ac1a6e801d3e07d215d2310751ccfc1ddefd6a1eaf8b069be,,93eaad1aeb18ae6d4e3391f350a69407a6f7908e8fe9ebd6ae30b422bb1c8f04,sealed
E-028-3410-p,E-028,fafd4a12dd38c0d4745f45742c386fead081fe85fe66e544257fa203ab1d2c32,,187f8f77bbb61ea994dd7199cdd966cf2e392fbda98a3401dc38245930497f01,sealed
E-028-3411-p,E-028,af4501282412d8f8f70468f2b53a2398814050d70454501e789ce6c2532ed2ad,,d87ca06914252b14f36c5d46fa6241099366d85ddb96d0ba08d52933c80feb83,sealed
E-028-3412-p,E-028,af9c3398cf0da30e83afd8215ceaef93a18d3481fa6f11645d1ab583ab9bf104,,54baa2346ab2837bcafcd83587e1fc3e5fe26cfe218cc0ed37e4727d05e1116a,sealed
E-029-3413-p,E-029,d03fff8d449e39a98eb2c8142b203c5ef1f9541a3ef8b0f2e820a6f95ea46e8d,,5e5f8de885fb46de09e15bbe7566528bf53e10610363aff14d6f3549c6df3dd4,sealed
E-029-3414-p,E-029,c3f5aaa18c2803ead371e630fe93e8696ed3c9bc17874423b2aac81fa406435e,,94f5800ed20e219d3ccc40c2055fa3c8012f0f40f2da2d0dfe3dd1c2c87ae272,sealed
E-029-3415-p,E-029,326d1ce10bf70bc613e4de475f602fe5a4d30c67de80a964b4a122c1c8b6959c,,d23e37ae2f78f4eb342a23f9eb78147fcb9d5f895f38783d8724d850933f75b0,sealed
E-029-3416-p,E-029,674e588c0702fa589c20c3bc36496fb449edf1b50844b05d153cc5cc476d9fd5,,ba8ca362a0b2b7899141b1d2cfd9ce9f23bbfad6f7ae1e6d9881a75fc5d27439,sealed
E-029-3417-p,E-029,2417ef83fd067e4fed8b8a57732c31fab99e74bdd2654b4e35cd3d8a9bd72738,,6853ff3b56764b7decf6807dab6e2869fe6370f7734072c12313779ef22d9b40,sealed
E-030-3418-p,E-030,bd99a9c884631b22a249612902ef6fd0571b46a57548dad63125fe7219ae06b1,,10586a0c298e3926ff452e649590187881559d318e0228da64f9d5a7a5c764c2,dev
E-030-3419-p,E-030,6ef6eeb7d618bb70c9cd6e530b907333695d0e5295127658585e0a8cb4282e36,,16d7176d5052aa0428207f917e071484eb7f0a32ffc2b1b86f866809ef3e434e,dev
E-030-3420-p,E-030,dd3713af63990252ff32c3543ddff835b68e7191b9ec648421a1c1844b81c6af,,b117e2f96f097692e4e9ee450393589caab14b7e93a9a66bd398f494722a7a93,dev
E-030-3421-p,E-030,3a14d811abe83c8eb5f9e58ada35d94cb6fdb186a17e671ab8500fa6231960e5,,b4572b2145c4f765ac9598cabafaf9ad4de704a9dd2de8a2948533fdc9933210,dev
E-030-3422-p,E-030,d7643997005366df3b707c25858501c5e8c67b0bce7f95fcf6ac415d1e937d6f,,29cdd79e2a4efc7cee91c26baca0d1902ab9f0987f19edcf5050e5a7fc9d23ee,dev
E-030-3423-p,E-030,6593d7300e8ade96c1d0b8fe9342534f6c2e3f58ea4a981c835028a11063996b,,cc34bf22e86b82867c119e36ac68a699f0e6fde683e322fd11a772646fca35ed,dev
E-030-3424-p,E-030,302ccf701cf69a0608339006453ec011571797300c5074ea0aca1b6040ea166b,,d1bb7cc21eea0b2e5c8a5c8f9b91ef713c4a2dea7c4276d4fb7797b3e13eac2e,dev
E-031-3425-p,E-031,81b0708beb82607ab7be42b2b9d2ee1e20f7b4ca40f110c4fbe6c9b97e08c194,,033e5bb4e0a3f200a0663d1ac9cea89a03ac918b8968323ccef8b07f3368c282,dev
E-031-3426-p,E-031,8f504cbf77c7f2068598b1f304d32ce1446bcc1bc3948e8a35e31ac9683f2ff8,,76f287b890aa52345252a22cad622e61051e068894120ef02f201de36e81357e,dev
E-031-3427-p,E-031,50fcb8943f37d55dc4cd60fe5d4a68c4f52b5081cbc773d6f208855d4d4887dc,,68d4b1271c751e66a7d940dc7ad5cd8a7884d5b5c8e5fa9e3d00263477a9a485,dev
E-031-3428-p,E-031,f167831de24af47bb5b0c340b753831cb78293b9bf17ccb04f2442a72d57678c,,7d89e8a4b5468decebd08ea1f0b90b4b33edcf9e5466bd6c14e02ba9a0381813,dev
E-031-3429-p,E-031,179cabce1698a20c63b5d83f45f827edf7e97220d54bc7724489f77be079a64f,,7b8050572d8486a2cd4d212ab6e71af4267fa91c486a1f9cfa5fa308950d4434,dev
E-032-3430-p,E-032,7274ea16728101a54e50fb2dc900b3400f3aaf586a7658378ad24d7529ea8af6,,27edc22be21430fb1b2ff6ced550c20af603ee1d42a80f4dc6e80c166cb44601,sealed
E-032-3431-p,E-032,e708c676ca7c7d43ab4f4a27b685f9b79e8657d6f9a86f65017efeafed21f6a9,,b886867a1700d11c6f324a2865e4b1bde132ad80f2b1e95c8e6eaf35f66c7484,sealed
E-032-3432-p,E-032,c74211ad44f85a90fe4b937137e53201d5b95039ae1f120d52facfc5405921c8,,3652dfe39d6d9e9eb5109a406a166754ad7baaf5753fcb2a84c5d79467cc7611,sealed
E-032-3433-p,E-032,126b6340f55789a9949a66cbd4a4d6cfb6cef65147a5f535e5473f46c9f5584b,,5fe5196edba1986a9850cc06da6aa9dcba6d1ab93fbacf1e01a7e7669f46a084,sealed
E-032-3434-p,E-032,6221be643420ec0dc5e93df864add105d6276570eb5c8f9483e92962cc377f22,,3f0cd01b6e0ff1e115b24b2dba1c9b7f48086d9df202c140965eeb24d50de316,sealed
E-032-3435-p,E-032,4f425e0ef2bc503705b58790909bacbcdd909260cf178953eed985e73a02eef9,,19d20503c80dbd200dd5a36c0faa8bb8437d5c76594eb5b5879c572c7cc066db,sealed
E-033-3436-p,E-033,bf2e856fbe307ac2d02600614ef4458f0a756ab1d8a5f7ebf13ed9f4491f9d4d,,8f1fb79a4408f0410236d89abd1d368d3115465f04793bcc4ba494afa0c42525,dev
E-033-3437-p,E-033,74e9ccbbd0e4693e2fecf43fc6d225929514f00cad47a6f23a274ec3d70ea703,,6f0d057adbe5b3cbd65f869ab7e3a3f0540c683d2e72a5ff68fb9fc9b00e721b,dev
E-033-3438-p,E-033,b3b58070b7a638f4d0ad5d20a2a2186c5733f1d71bdf800030508693f99b26a3,,36c7d24f2037eb698875be8dc7e4dbbcb01a10c75f3b8603f6be0504871af11b,dev
E-033-3439-p,E-033,7fcd037e913b1bb1f859b5b53416aad28fc429bec0f44b5518528c891c09fdd0,,a6be6affdb685865e87f5e914a8760e6337669cc1a2ab6efa7e8a23c1f2f7bcb,dev
E-033-3440-p,E-033,c84ef436d73c8ce63d9b495d7b55622ccdf914f71776145c1ae660a6777a9b2b,,974bd099522b21a3c3eb94ad08f75dc9d8193c4f54e06b16a0adf36ad04b55de,dev
E-033-3441-p,E-033,2c01253c299832e63d8017f329921312c5248b2c6f9aa3c8f601c280a4099a5f,,6b58dcde73f29eec0d44ec4e380fd0877ceb2edf9416a9c9d0ea702bb5c9b10c,dev
E-034-3442-p,E-034,e4fddc32424e16b4e92d4d4e2fd6577a0d8b562c241e917e0d2894b57569520a,,6d8193305b186976fb8117798906becd42dbd40ff3dbc0a80dd5bb0477c455d6,calib
E-034-3443-p,E-034,5513b57687206cc993f93ea0384e16d75d8b7b01511147f15128803b1b0c429c,,07a2d2fdad0a74953f07a8589ad90d66b3656d39905491a5099a8820fbcebaef,calib
E-034-3444-p,E-034,6f5c62dc79c096d285dd31e739fd7227cdddf40081bf070cdd629079160a5a71,,6b810d8c8dc04be1d8cd76b228e9f703e72b91bc51d63bff3acaa8b823e90b40,calib
E-034-3445-p,E-034,12d795fcf6d87887640eb2ea5c1af39b6eb470875d931f87ee11a34c5b58325f,,76e886ac0e26e9c1345ae39e66c255a9b15616e664fbeb993ae2123c12344e7a,calib
E-034-3446-p,E-034,54c9dd7303165d5cc2eeb0af1b71c99866c3c24d51f7b3166b8c7fa8b4da6161,,cd5492ee0d06661788ea4d0a9e64eebaac4615078fe6812b359d0da138c73f5a,calib
E-034-3447-p,E-034,a81cc7bf0296fb6b461f0f8059cad88609e28594d40e1fdb653ffeac427734d1,,fdf6503beebc66a677878623219199371b9e05c86098d3ed0aba27c3390ec38b,calib
E-035-3448-p,E-035,1ed0fb69d98f6a1eab2183259a0e2bf71187787b981a7c082b0a858f966012e9,,9f00d5dec787e4490c50bcdf315df6f9e94657af79796a6cdf0dca5e88ef0641,dev
E-035-3449-p,E-035,127e7c1b54ca9c7d49ca9fcf088a32312f690f9d82de5a17da78df3e5f7a0c08,,5780157a5a143061795fe529ce6738e7aab1c8e06856d5122ad419c773ca4448,dev
E-035-3450-p,E-035,ae8e83829dca9f716743e6bdf7d3d8e634efaaf684eda37ab291d54da6ced72f,,5843a47d9059e51742780d29bb645d6a739bbca56f6941ad6365dcd6e0701f61,dev
E-035-3451-p,E-035,e4b2d090a47fefd2fb42abbfab2ce3af2c5e4782d5e80381dd4ad13540b76e3b,,a9283bd39950e0483606ae2e443c4c6690c9c4366e0e7bb3c173030d98eb05c1,dev
E-035-3452-p,E-035,5929565067024fd0423c635ff2a1d2fc2cef81169cb1841708765434163232e1,,c525c41c4b5aaf081ac015ac57b621fc4017a8cf24f5eb8005207452f2d2e1f0,dev
E-036-3453-p,E-036,edbf4ac4b46b65b903807adf0ac6219109b3795eae93b14cdb7d0c07d623a118,,7fb3078110e2520cf1f42b6a9f1605565a581df7c72f4db62342711164f8a3d1,sealed
E-036-3454-p,E-036,9b64f8542bf4f488f0eeddfae1583679eb04bd374349fa73d78be1be2eeb7aab,,aa575ebf0490f020788fac05b5b9b0eec759120c5f8429f78be25995de8b49bf,sealed
E-036-3455-p,E-036,ed657877134cb36a2fc9ccd69bfb63f2d546d6b4deb9b1207ae7139400d58f3a,,a3eb8317cbc11b98db298fae318cd1b1189c4dc802dac27308d5aff3184835e7,sealed
E-036-3456-p,E-036,2f2669c4dbf93d3465f370c5b8f5c3b28c96d9143f9ced29e05440bbc14e4876,,87793eb8f6644ceab14a361e2800a57e193ce1263f481f8db3b270f50ec82aea,sealed
E-036-3457-p,E-036,af250c0f043a0b10554d81734cf4dbb7c8ee5f79ad824b6e49492f1727abd06c,,0a8cf9507902ccd76585a47adce94f961a1c7da340767fa305c266b084dd710a,sealed
E-036-3458-p,E-036,19a63be758ca1f91e68adbe79a4a7b2dd0c1d99dde15c876047f8465ab745b0c,,ee7552bd3e94cbaf74183e9ae714b3180a0b85165765f1135ee1ad2c47b1a641,sealed
E-037-3459-p,E-037,03d807fde71a191f24c8bd0a8c4bf7104d478f4ea010f7b1203e3a2b7a72908c,,d0d133b8ae3c7daa8a34d4ce032525711fc8aa2721d2a665d6ee22b09727e8a4,dev
E-037-3460-p,E-037,f3e9ab8c630857f0e53ee9e3524c228fb7d0aad38bdfe11c042451c43310c6d4,,f97b4e94ec614e8d1840cca6bfb00eedb0d88432ead2cc5f92eb77baea35a82b,dev
E-037-3461-p,E-037,8fa8bec1868382dd41fdacb87ce06fc5985f56515944b33c978e62a208570c05,,aa04123ce790879b5f40cccb2f6d2bab5f7f4189e6ae01a96f4c3b14eae48f70,dev
E-037-3462-p,E-037,993b2b99eec735594ca6e1a8f1a2d8f6cb41236e4b8bfea862ce047e8c9e0a9b,,0f4b848d86e58b32f389b4f9a120a172eadde8f9b6b86404ca18ea90c03974d2,dev
E-037-3463-p,E-037,c125132aa4ad8758f41e11d735aa42c12a4810f701bfeb03ebd198c243bd5403,,b94806866ec96a9113f5698b4ce54865ecfda6362eac78034d101869ebf0426f,dev
E-038-3464-p,E-038,374f85cb799cd683ec3f7d4f1c462fb22593e4b6b82b09b586d60cad9a2aed7f,,041f8dd5512bd8cdf7ff2d3fcd777d6d07abc759a5de3d0fefe8026a64c4cce8,calib
E-038-3465-p,E-038,da0dd63d0b040520706c9e389e823609635c9dd9536e59167cc3e40f0a830a89,,1bf65b8b40f0b98c7df14651d53f00aff3812002bf33faa10d66de005ebccc19,calib
E-038-3466-p,E-038,3cbc71f75ee13aadb76a6e45a655be1dfd43d372692debdf2eb065b753123e5c,,c83b8426f616720b964095c77730ccf32be5213db8e326a87f440c218c4cdb3f,calib
E-038-3467-p,E-038,29464b2249a4efee737ee06e9022252ecc5aae91e909a6e6e534a11e87b73179,,266f2453148e314a4cbcf956d01958b671673a74e32c1d1b1474117eec385bb9,calib
E-038-3468-p,E-038,5b609027dc4a75f5c59858cad37c7de3f9980607873a5a08ba0e1e7dbc38c609,,9c4d236fafb40963a158e7086e6282437275cca43ea2a1d843dbf48868530087,calib
E-038-3469-p,E-038,11ed6ef551457f76f3d743a3b5b133cd325ca6d1a2aa822db44bd0ce614997be,,3b3fb44f8a08dd6f44c5071bba11bb93a004964c9cef7b192049357b3b4b6886,calib
E-039-3471-p,E-039,cef5552691713aa300ed5647cd7c1df48e72184d95f8fb8095c249397d4a83b9,,2ac0f27a41c2f803276cb693ba98e31d0ebac4e96439ae39fe457ae2499c3ad3,sealed
E-039-3472-p,E-039,171685806ccf17edab5bb13761cfa8e32f9f7ce0ee5ff3a24e1976067c4d22c2,,07588d7c2ac5294fc67661455cc1a396d0da9f65487861beb2d682fb228dfa76,sealed
E-039-3473-p,E-039,849cf20c23781465e7f142279f6ed53d16d55ae1e17c32d243a4aa427ac76f55,,171fecc835d90f33a8d638ca72f1c64acbf7ea96227f0fbc6f5838b9ee72d3d9,sealed
E-039-3474-p,E-039,9171bca63e8f82e19df0031066d230493e87efa4a15731454aed4e7f73b12502,,6194869539d48fe51548f625422fbae323b79b3dcb6fa25d326a1faf534608cd,sealed
E-039-3475-p,E-039,c7524bdcc8a4a48cfa2df6337221966e334ba1ee0f51ac828c4bdb6ff5c4fd8d,,5a545313230afc8590da400455eda35fed1ee2a6fe34a54b5a7e1e4f25930192,sealed
E-039-3476-p,E-039,dc211186b6e1be74e986f9d213db683e776e4c80167e682d8f15d092424697f6,,8c25565d5b99d4bfaaa4097a6d03d1e8c7c322d9fcea6d2877e235c4eadd004b,sealed
E-040-3477-p,E-040,60c03db507255a577ca05e52f8c838898af9b0b8d17b8ed0897ef623c5863592,,dc37ae87c9933dd132c6503d60fa346311595b62be45888805a047aa2f8f1167,dev
E-040-3478-p,E-040,b1abd295346f77de85fc12a34b7935911650b1592307ddc6a62b5232c720b396,,3e73033622a3cb093bc4f873fc532d2d5edced387d9448acae2ca13f6f4e32a4,dev
E-040-3479-p,E-040,9908de57fa56a33ab47661afab2f106888e666d1a19e99eae28247f9ab15e0ea,,eba39bcf2f1ef61369632cb862af2ec8838862fa95ce7152d5a33e765cfd1f35,dev
E-040-3480-p,E-040,b7b068cba5ac43b5eba5afa3b53a52fec0f3f02fbd3cff4f1a519d276ea424eb,,56c07b805c6b03f602154121d977467ce11a57ddbe1a9a46d85323d881f55157,dev
E-040-3481-p,E-040,dbc891e5aab19f148ea0d151e85f46c58dfcd8839017aca54f7fa3db3eca8c37,,b479756fe523476f37ebb6698b07e288adb64b28b4603aaa7cf6aaca224086c7,dev
E-041-3483-p,E-041,966acbad93d3a9d90bfc8dc03a1ef0cd9d20e6a3f7b537de9f054a8fa177dcf2,,fac0fd4cfd61456536f5f25e3ad5d0f063a7fce4c67137374967e82bc3a68db1,dev
E-041-3484-p,E-041,57b4280f91f3e217f7469c2326c2a175ab4242b671d7ea6856c37a2c0e8eef81,,5c22a043737f47b1d68ac7f5cf7697e27aad5a5e72a39f3a73e01e439968d0e4,dev
E-041-3485-p,E-041,5405a33c5b57a8f0e721e866fa15bb2a22592f1e36027a3bb196815c2a5e9f2f,,efa42e44de24fc6d1bec823fb5744df86803a1c215322a4ac21d2f238f6da8df,dev
E-041-3486-p,E-041,16afdd81b343121ead3199447248162694e7f7bf3c49ad39d2f3907c12a2f1d1,,ce724fc5f59dfa31458798777c0d7c9de70c5202efd35da011c8ef775f485671,dev
E-041-3487-p,E-041,880fca8069650ea640ed4f7ff96dffba27fa3caec755fe01e7ef72ed846681c4,,f9246d5d3c76ade3447198220d73e341d086cfe6f0a9ba872a96e3b0108e3b3d,dev
E-041-3488-p,E-041,68831c675e843228b01c4ddb8f5172e46088eb2384aa7c67d1e205be1ee80593,,84cc320955e478efc1a947259e465df46089c51ffb80b3e2fcddf4b4ab0020f6,dev
E-042-3489-p,E-042,b6731e1a1a8fb0ea4d4022b8d67925b155d827b9eadf4f4e276a6e85ab5835a8,,1459459757b0611401e3d7d1f4b63e0f8650e9bb0f97342b394a600ec0d09452,calib
E-042-3490-p,E-042,75fb5fb633220c75ff803622af5357527f629fa77a0cf271a238271428c907c3,,54f9ef78a870b3cf16dfdcd37e1d87fbd063efaf2e2f0bf5bd152a232827512b,calib
E-042-3491-p,E-042,22ab61c4f21a57d237ad230641f4b59761b30765432600c71b899a16827abf02,,0fcde2f415239ea6ca4341f09358f4f9247f1b7a43a97c96f8e4cc2b6cac7ea5,calib
E-042-3492-p,E-042,b1971d07f53992d3330438d10c227dc63519b57518c4433b2afc5256730469c2,,dca0143d77ada67b51628860346bba8e781be3fde7d33ff0ba4cc5f7e19d9f90,calib
E-042-3493-p,E-042,33debcdfcb95802d88f5522c9194f4ef31ebec1b9c7924f65846752eb0744187,,b85d851bfd061e8a96c16252a155022cad43994cb422ce8ef46ab923c46dbf2d,calib
E-042-3494-p,E-042,530c0c8a21bfe574dbda5af9e70a44174feee6a7060e8bc5e6b4204f6868ede5,,fdb570f307797bf2021af9b91a15dc149a13809465ef6da08046211ad08245e3,calib
E-043-3495-p,E-043,6dfd350d3e066f3ca31701eadd6f738c10eb585e2b69be1d464f127d909878fb,,8c1e09ca7e0cb95aa98a9e3bf997f8cb7266e3d6545326e11236554ae3455889,dev
E-043-3496-p,E-043,bd8cbefe90bb09108585fa6931d089f2a4124c0eb2cbe5b7a2112c22fa0720b5,,ea694d437fd34cc1e943a5a7137f81de6eb77b29a540356b9f23ce8d6b74935d,dev
E-043-3497-p,E-043,e6bfab83a233e96a7936d7ab9fc0ea5adefc02710275b82b2241f981e3e3484e,,8b94456d461491850d01b3f48c4f984d5bf6a410e88bf26a14528844dbb11d30,dev
E-043-3498-p,E-043,20dcb312ddd52c38cc6d90ac32c62d8d9ca1a0ed1410578fd87ee87a7563e0d9,,11985fd08af8fb202e781655da301359fd73e347e6eb0e04e68bf40b3022c0ca,dev
E-043-3499-p,E-043,2d09471fcddda21ea7e7b67ed3b26c52ce6cf28db981de3e6eda992423b404e3,,97a72fc5ecd3ae1c54532d253766969b2832c1d36cc63dab4191ac4603045d65,dev
E-043-3500-p,E-043,c0f933fdc1429b9018258524602deb1f0c1f807a937426957ffe39bd0a124737,,f9edbddfa5a6f3837c338b55fdcf7c712310ca0150bb4d0170f4678d6759d327,dev
E-044-3501-p,E-044,99635ecb24de961180fabbd8cc9f09b1ce5b7100f1b4b88976765c3c0727b257,,27e1d658514c4869d82d43fab6a6dd44facf2f633d276e9688420a727b5fde99,sealed
E-044-3502-p,E-044,de46b0e97d602228d48b16d025dc62fa8737f21cd411d14b0404580919813cfe,,c0c3a3617f12cce40917515cb31b8e67b9faaaf6448d3dc30dfbd80bd1b53c41,sealed
E-044-3503-p,E-044,885ad3202985387d2f73f267e57ee5b624e80360caabf0c22cbd2908ceae1548,,c08f069d4a0843f44733518268e121380005179352146f85d50d70bb118d4936,sealed
E-044-3504-p,E-044,959e501a8fb0866731fed7cadf83aad2722ec60bd08d7bf8c66e6bce5b0529f7,,cb013e224ab23e14aee5179cd1c0e9ad4a2e17441158a39a547716c3e491f0ef,sealed
E-045-3505-p,E-045,14e90f559f355bec464c1f61288a9cef81f867a2e6e6de02980a2f995517f42a,,6978eb615e11acb008fa3ff1df99620e5652d8f0777655efbf25e9fb636003d9,dev
E-045-3506-p,E-045,dd96bee36f8572e038ccd108d577f9b91ed10849b27a0428365b06ddae7e75b0,,637b23c4ecccf21feb9aee86fa3f5b84f3b96e3783638be477fc2b2ae6f81d8c,dev
E-045-3507-p,E-045,61aec5a5ec08e3120c39f6e9da235599c338d8d7dd25b1ffba5dc764438e02d6,,5068c7ad4dd6dd1533cc3259895f6da7158d90ee3ad43e1c2500b3c9fe5371f5,dev
E-045-3508-p,E-045,f653151d38c3d7f04586197d7969b573a83cc3a08d88b839e7b52efa55739a76,,ba639f378107f79d1bb66a08e7d1955516ceb44d98e8dcdb5538dd5a6875d1c7,dev
E-045-3509-p,E-045,b280862c7c5588828f197dcc18e89f36c936d6eb4f5d965925cf05885a1c5a69,,196700c3d8164491762a3b6d25666d3a28538e57d910afb88a6fb529886e0c55,dev
E-046-3510-p,E-046,8282548f6edb5b4a9c30e151673baf8a6a0452b28b86cd4e22bd47addc5bc728,,19a9af85d92f827e7bd6c5f73808cf5ecff6dc60a95b6dbdaa7e3fd9f810bb9a,sealed
E-046-3511-p,E-046,c92d18e9236b50e444418a6be611a4b61aab684887c9f0ec61e9f54d2f28ee0d,,ae65e229c75908d0a5ae971ff3cd52eba14e62d5bfaf209c672f0dad77b9bd75,sealed
E-046-3512-p,E-046,45f50e07adcce0632bd3fd29065a6d7530d7d728a9c1690a6023b8a4e3dbb135,,1c590d70644ea0367c9b67a521a85882f6794e1028db24da79f13a5cdaaf11fd,sealed
E-046-3513-p,E-046,0019e2c5086ddca53023860fae68bca820adf51f87b8712a753bcec76d4f755c,,03c7cd68e1f6fa22b493041f1cfb1ec6ffa6b0ccfc59948a4b31106aa289e24f,sealed
E-046-3514-p,E-046,45cfbaf3e9e3d8b6439a17f73a1ce1195ba394ae75d8f2588454c923aeda476d,,4474ba950729d6b8ac75b79e8a4c7ac54da74ec933e22d4100ab74b26d1a25e9,sealed
E-046-3515-p,E-046,cdadea1504dfc60e136f8834ae46e07adcb0fbb3641784ce62ff8c8867981b0e,,2d36f31c0aeecb221b0675603b4ff7c898703c7de447d71b7064022a4ef28a21,sealed
E-047-3516-p,E-047,51370a34db86109bc53ab0aa2b3356489eb7c2376cb2875cab657c445643a75f,,5767901358ef78eb0541e9013c74c5b8718aa733a4f3fd04013aff71cd11d418,calib
E-047-3517-p,E-047,2a40cb371ca82c7b6d5acc14ddf15a90b52d1fd39257e6596f1d086a3231f859,,6cf374a887e5a81fd170903f41b7260d793965bb429b460a2f59be0374b3ed75,calib
E-047-3518-p,E-047,e9d72e2eccda32fef04bc49b29f69a192e8d9bc0c61ceeef51055ee244e0d4a1,,4fd62b199ca675aa16666adc4a63288d781bae67cfd2459318f5632388d510c9,calib
E-047-3519-p,E-047,5f7d5db420d613b68c7007de6a0c8c25bbea3b1066bed65d6b344a1f6715c27f,,bb97cb859707150bbacd9b370bdefdae61969f68de4111cc7dfae9775e70e6e1,calib
E-047-3520-p,E-047,6017009912da3ab55fa6bcd299f67edc7b8189b79e7dd9e48c212bf33b8779df,,d23d1c50f58d2d6dc49b9569231fa59ba48fb73f08596bda1ae0e812b5229727,calib
E-047-3521-p,E-047,5021a853b9fd02c5c231bc9eaa36ad22a110b6bd33f0094b341141a28eab902e,,080525806a19acac4149d7f02f7704cb35af6835ee0c621a980b3233668a404d,calib
E-048-3522-p,E-048,e5c30bed95b932f3204a540abcde73f9a593eecd92cd1934b3d06c4dbf29ec69,,779a2d1bca79d20261401182e282461bb7591f0b240835eb2c426865c98bde86,dev
E-048-3523-p,E-048,e34d43a5d182fdd65e477acd744b256c0b28d6bf206442fb30abe145a8fc8f29,,3c3ea7e52fe87853f60fb3ed5881c5244bf4df52f63af69d583a14ca0ef32af7,dev
E-048-3524-p,E-048,bea41fac3bce9dfe31dc1e9e75206f5d74aed7b3e4dfb9e050a3b6cf3b3e2db6,,7b2e31190f2a1005d9918b0fd4cff6d64e88ca9fcd26870315c2ee50a3fd341a,dev
E-048-3525-p,E-048,5287adc0e0816b20da1d05b59efcc87ef1deb740de5ddb85c842e93ac9690c88,,489e31d68c9c9ebb5f43d6acaad3057a8632a7f543734fcd4895055689d79630,dev
E-048-3526-p,E-048,be12aaaafe7340206650733ca2e1fa266b35fe824806b5e4c4eda4d83480b104,,b1f64a183e8fa8bfeb5f2593e790bb1ba57a6f0e05409bb30c27e8f832ba8c04,dev
E-048-3527-p,E-048,21eb03fd50c952d79daaec9d8235803448f752acfd92e636e74b51de8205ef5f,,e0a40fe8fdc3a6fe26ef2914c181619123c2eee455ef1aeb0168751154b374d4,dev
E-049-3528-p,E-049,2906a2ae8c7998c29e8f2a671047c9ab7097c362979b07a067a894b5be6974f1,,d6c8cef8e50d22c934b739c01f74ab139874002e1422e2204454d88c8a461961,dev
E-049-3529-p,E-049,f3b5b56b6d6578730ffc639103f17c547691f8949e17c5c8b358e1e84f8c57f4,,8b2a57a29963ef0a52778453c88d91e6a6d46ce83e81b82eeca7b2db7c7e34fd,dev
E-049-3530-p,E-049,55ca31e601fdc309d0a8806a44ecaaef5c883da41413b96d6d75ad528a430d80,,091a75cf34e58da041beb876922d1957a90edba342ed0823518ddaaa5831433b,dev
E-049-3531-p,E-049,522367fc8d7312b57aaa42b518434a4643b48bbbafd90ec8c25eea33bb61c329,,ad71d3483fd457f5ed1e55ad191921d886b9021da631d1ad97d588035689a618,dev
E-049-3532-p,E-049,090468391188110eb68e89033fb3f85fc84643899979aa3305b31ba46ee48271,,8f4afc5189598c39b8d0e5e3fc0a6831f71f96b86ba20f10744df699f2e38e5a,dev
E-049-3533-p,E-049,4a9f32ff6f0574882710deeabce1a4faa9fbdc34cadf0b65f94ab9aec2eb7928,,09d2ace3150cd19570ecd49a941fce41cc35a6d754a720ba9ae2e2ceed13a824,dev
E-049-3534-p,E-049,70f40279fc0fa7e6be71115b56bf9bf6c4cb2cd993852c22f6d8b1fcd15e4049,,f780b435dd177cae100abeee6ae81293d1af1644ae24b5b17b20f493208b8d1d,dev
E-050-3535-p,E-050,f73d1383917e88aed871f6c184bcc7aedc671185ffc797653c5a87216fa677e2,,c2c8abccb5af46cc43f0359cb14d4befb6a17c85eab65fa85959ca0c20ae3687,dev
E-050-3536-p,E-050,5654d04f43d8b8049365ac2a4c03c97ff5efa57c2eee6c586bcadb078084a213,,a4577f0e5f1e6e60c2b5af5d491d1b16a6ebcf94b6dae0005a89d4cc32861608,dev
E-050-3537-p,E-050,e4fda634bd6e50ad4b2ec0596a636ace5b99cf3e4c17b8684e67954327c88144,,2529127486ab34a0417eb8b4f45332de50d060f03196f72ad5be226a8c186b36,dev
E-050-3538-p,E-050,a1442bb7ad82b5e6ef97728d7c0331e56ca3006007d8cb4b551a76e69ddff312,,0e97c51bca0f54c3aee4dbc3ffae6b712c0beadc1108c2e3c2ad04fc55f37e2c,dev
E-050-3539-p,E-050,63ed11f174b3c319efd46b5ff85a495a0efa909abf4d52fd3158b2a3bdd01924,,f9d75357fe3cbf66d93e7999ef30b7494ac70a71f3034191c345a742d0fe9cc3,dev
E-050-3540-p,E-050,aff5dee25f4367f7cf6c00a81d1a7663a7be8b3309fa5695a7d4e7efda6a9545,,6c8a67af0923aa07246cde68c67cf91a724cc8cdce520ba705faa873b165e8ae,dev
E-051-3541-p,E-051,f6a9d6e4debfdcfa540130cbe14fb6173e25fa2b84e62deb58b379c8d4ae1de1,,b0d33cd8a4450346ecb4a77036baf25da699b5beff724ff8e433bfc26febeb83,dev
E-051-3542-p,E-051,2b70c09d4794dceedbf933dfa79847004bc588a8688ffabed739eaaf83f9ee5c,,ae960b441da5b8bc9e6dbc430b76873dada3b913b7beb7f412e8b64e21aa9b99,dev
E-051-3543-p,E-051,bb1f071067262c3ae0f640d4d21a970b3eea493ae4c5a1b466cc266ae62d5a12,,1e955fa15efc484652cbafaddb78ab73a33331642267a9e97f415df7ae68319c,dev
E-051-3544-p,E-051,e8948d06f0bece41e8dbec5c47c48fcbb6b1d10cdd6d35b38663d53a7eeda5e0,,9b7d484df6d28e4f909f96f03debadf456558d77df5eeb8313ec80a678371771,dev
E-051-3545-p,E-051,f9ce5777997b1bdea2a2b2f8dfcaa8c40528d814274bfe4c8b0db9cce0c8ce2d,,b6c653ab4c558576024e854f322d06279646594dd3a9d98bbc4308064889e52d,dev
E-052-3546-p,E-052,63d515410cce0f25f1143379fad8fedf344dad5a5733989c878415a1da0850c0,,16190b117862e7cf6ea9e2e7d1fb95ae85e75c6fd3eb7399fa328de95cf36e7e,sealed
E-052-3547-p,E-052,ed9e074320a932eedea5bea208ae749f17a41574b21a365724f4bce1309a0e40,,e135ea95ac7a34aa6e1fb3d7807879e1c8c593781173cd16c6d69e731f9d053e,sealed
E-052-3548-p,E-052,bfafc24dadff7e1ad6d41e77ff8dd10ae536abedbf40f7aa214aabbc5fc40434,,39848d17059dd886e2bba32c5ddc451b686a99b16332a7d6f8cfd0baa11d9e3e,sealed
E-052-3549-p,E-052,235aecd862d08e750575d14505c4020308c17a4cf9e643ca86f244d9faa636f9,,68f8a662419f97b9169f60fe52b933cc4381417789751b50492a4cf994945f39,sealed
E-052-3550-p,E-052,11ea9f67cc495376857e1af9ed00b7b092522587db308d240a8a30d095277c8e,,6755e9dfb0e6530c67cb5416ce433a13ca9fb1b3a45c319ea3aad295a32d49a4,sealed
E-052-3551-p,E-052,c50abb4919ec87f7967b271133ba621270276971aebefa97d8a8eca8017b886f,,a4454c49a227a0cda06464d3c4b8c6ef1ad1b8c8198a1050e889d8b50529417b,sealed
E-053-3552-p,E-053,88a23602d1ebc2fb903cd3a5075b1bab2a9b45eb8d3198cb5c4af71d4fb7a98a,,bb58c5db03eccc14e75065330578277afaa450df107d5b8b0af54865eb2ef31d,calib
E-053-3553-p,E-053,66c5f242fdae801cd1e26821af0331f19be1f485496d8e5eed8477e5d805e39b,,945baad05a950d72fccd78a371af3dcf1a12129a3b94bcb6d3348af0a8f90102,calib
E-053-3554-p,E-053,5110ac4f900c9cf33418c1a3446d4dc0ffb397efd35a71aadff4b073c53e017a,,d8f7369bf3a3255ed4e062919a5a52e3f2c7684001de741ac1fb35701d6608bc,calib
E-053-3555-p,E-053,a4417fac3220e2e15b31b87333fad5367acac9107b12955cc2616c309f68b948,,a2ff6b402d9a652cfae23022c8010a0e9e28885cd2f7156c3391b8967b3ad790,calib
E-053-3556-p,E-053,a1b0f27b9da607a0ce8dac6ece7dbf4c0d5131005ec6ad862adc594592799e8e,,644c00fd386fc62bef678ff0f37117566fd8d8ba4523b57aae9d2da8506bc4af,calib
E-054-3557-p,E-054,b7640cbc63240900253c4bf3642011e2ee39a11163acadb5d0f69d71ca904479,,8ecf11f5c4a0b3a5c0ca21b1a460a813a2d47b447cf11a6c495cfbca65485a1d,dev
E-054-3558-p,E-054,b6ca9ac514ab14deacdd33412db8372d59a55c768875e7b90a1f5303d3879f7f,,509fe61b8ffd17c1555df6748cae75a6cf655c5cc992873a74c5a2088f5356d3,dev
E-054-3559-p,E-054,df4d6e9a410f47c0d14ca7b350ff5fce751727ae1ec7e1d2445269c641858209,,025016823abc8c0929d69c1cd63841f040109b0d9bf664260c0ca6224e612b15,dev
E-054-3560-p,E-054,721b4cd91523f7d43c6e51eec84d685f21e6ae22024590eecb42c44ad2f253a2,,7bb9d1d929805fbf5127c529873c1f462844606f467735b581afab12a2fe99f4,dev
E-054-3561-p,E-054,98d257b7897f4e2f0c08ddf6a33877cd568d865687a69dbdcf0eb336563a3690,,88caf9ad14ff614a5b749684fb35aac243950bec5cfe8842a80f74cce82b4810,dev
E-055-3562-p,E-055,aa59f1535e6a7e2fdb3614f4ba276e401d9ff44d3abc95b210d0b253b8b989c2,,523265086d3c3561d9972f78ac87f9c2b0b2147f346164b88fee4857b395c818,dev
E-055-3563-p,E-055,82b6876680119359096d4d597874a583dfdceea71f44ca43e1ef91f9248cbbd6,,d523718d4c8ba4465cc960183a1084f073a714be9f509a63a4f66c6c70416150,dev
E-055-3564-p,E-055,37ac8400a9d9bc088b4d20ee372b858a25f571a3f0fad2307b194855fb73ee53,,cd1af33283c3526d1c324c6db6a7e560402bf2cfcbb756a3d6c693f2c7a67ad1,dev
E-055-3565-p,E-055,d9c7be5080be1ed496d726ff07912ef8b8b4ffe0a0a4bbe287263056df397d2c,,174fdbf3eb21474e44797e21c8e047a9bad6860603f2b803464a537b5d65bc7f,dev
E-055-3566-p,E-055,7723723d3a3f90583573f4c795d3a87dcede9231e7c7fafe06d64c3de4952e2b,,066a84b2effb8a5392edd7d37ee5502da1dbe65cc19f05662d587dde32246247,dev
E-055-3567-p,E-055,0e15e10bf5216e934663eb7b82022390b8bfe84a5cece67c547b0eedc6160ba0,,97d06c885a05262a17a0b7ffb9d37f8c0fa200ffdf7b5f23a1365ab48400298c,dev
E-056-3568-p,E-056,c40ac8f2154f3b812e34be0fff39cf61c1061f009f322f13f0f0d7d9f0a2ccea,,4aae48fb72bd24ce4d7b16704246416cb2bc3cbb0d579269bd312b0a38b33323,dev
E-056-3569-p,E-056,12e8e1a81cd719e5320a30f71658d50292806adfc9588b9bc0453f90388b8858,,efd3ac13162ce41c9e3800aa307a845b4b6a743cbfaf453f9eefdd7b5a192581,dev
E-056-3570-p,E-056,471f94b2fd0792d6ed2f0df32cff3f5f9c574fadb50d7333688bdc9d2913c8d0,,0d300451d0b39e0289f42304daf7e16aba94b93d85f1b3adeb782ad86a693a0e,dev
E-056-3571-p,E-056,8cf2fdcbf8c69a4a4161c7dbe06f4806a6a08a6243b4b6726736bec5f02129a2,,498e794449c6014a2883a6eee3beffb925ff05b3c0776196f938e58f578152e9,dev
E-056-3572-p,E-056,114d3a096fdbcd0c3d52b9e5824a6f2e23a67b5bd415ed449c9795ebca527e00,,69336aca3520490e4b08b864413338e7257bd3917178252dcf0fcb8f52aa5e0a,dev
E-057-3573-p,E-057,c71cade5e2193937d7c92789e2c5a20c198f72d6c569527e08fb8c62e652e0e5,,2859e07b3c2d470bb896cfdda911cebf5fd339f9875ef04cd510f450b60009da,calib
E-057-3574-p,E-057,f4a4a37eca9d18b2c6d02053cd9e67ab45c6d399c1385186298868b4082ccd6f,,60a0d1af62d185891a7706bd08fd7c498591e682976f01380d6c1cc97b421415,calib
E-057-3575-p,E-057,a4c518c77c7c2f0a00a7735d5ae6141d28449ac9006153d0caf300e8e8ec8468,,031c0d705897118873716f7670ad94467179ce720ed5d71ed3e3b48f847648ba,calib
E-057-3576-p,E-057,657d9382a6ab8dc375f4234053583aa6e473c93b78e2613638c1faba8aec40ae,,72a00d4d71c602884438805579c79bc726a432979ec05455084bcfee53231296,calib
E-057-3577-p,E-057,4d63694d95ef444d629b46c40eeb4a7d60c868d80c7b3e48ab72e2a5cfefb745,,17e7f41050a1b23884105c94ad69469f3819648a8d4d224e2a7c75ee6652a2bb,calib
E-057-3578-p,E-057,f7f4b92ec2145960fdd2e170142e22c825c62f0fda1baa2457f94a709b94d135,,3586ba453dd68c97d7a366ad877ab8c904d28aec55ef096c5a00848923b8e380,calib
E-057-3579-p,E-057,2a2d1d202bf26caa8f15a7ef2bc0c6e9edba230143fd642fe30a4fb7c9491e1f,,258fceff801b36f13c2d82faa8c4632087bf507a57b2e88c3c3826eea3974edc,calib
E-058-3580-p,E-058,ae76bfe16075d3a5336891865e9052eb97549fe2b943a3cc2332a7b00f80bd50,,0cb7fa4a4d6200082efcc3c5defd4eb97bf97d6327fbd24ff8ad0399fef6ab49,dev
E-058-3581-p,E-058,9872dee3de1bc115a233b27dce061de70ef1f72c900185d213d903808206fbbd,,1230655aa8d7138e857feefc5e3b03412d58ec66b212bc05cea80159158d357b,dev
E-058-3582-p,E-058,8f220cf29c932bd8b92bc91afa8f54972e56ea52b308e4daf1c970c3abf8f404,,d1c2fc4fec1cfab50c9fa0254b192518c691ff3d7d5e1738762fb445603367e0,dev
E-058-3583-p,E-058,348bc53dd67396e8d1bb19b8cb5cba8018a3b7c03dbd99d4ed2c6c94cde462c1,,9a7d0246c7bcc3f7c2b591dadcd65cd83ac5a03ff458044abad198e83dd6f3c4,dev
E-058-3584-p,E-058,ed10c026f664b6864bca01e104db0e5541cb4e242d5f0f280dd119a608e591d7,,512f163e52f53fdddd95dd3620ef9f54a416ae7b6f12d75e909ea5c9efd58ee0,dev
E-059-3585-p,E-059,3eaadb2411bea88ea013479adf3ee054d79c44bc81d1893a9b98fb2a8cf91f45,,1c99a897260c65834eaf2dfaacb270061a709767207d31a80f032856346fe304,sealed
E-059-3586-p,E-059,c690a3f55c3c694ea166ff255fc5638e9245c11b2d251bd28f2dccae50183b27,,66dce8285ff5c352635cd0b55b9be5a5296aa0b6e50b070ef97bb752cdb63173,sealed
E-059-3587-p,E-059,7d99c290d0da609476fe859290f46d0925c6ef5800a26e1f0c2b50e6867bb2d0,,086523791044be6711b75400391d1640bc9598fb73f3f562742bd9541eb0e01d,sealed
E-059-3588-p,E-059,35fa49c366050328580ad1e0ce7395950ed2b70b5a461da922934ff4e5ae74a2,,c88748f51d7983e685ef27b3bc35881b681835c141056907aae34f14e4b16338,sealed
E-059-3589-p,E-059,10b0249fa67b375798aa70c553e05d8319fc4c14c841b6c4b6d1313febe8366b,,298baeaa3810aa8ebf735a3459d837f91dc68870de642b553415cb574a0332cd,sealed
E-059-3590-p,E-059,34937397d868676be4e3ee8b266b777fb3eb769b1f3c96246e98ee618d8024e2,,baddee1d69845c4219bfd6369e24e1c747c8c87491aa4fe749c8b6998909c841,sealed
E-059-3591-p,E-059,37ac630c1e5118df7bfd981fd792f1a948611d3dc008eec65fb9ce95987e1935,,d7c22c2f36b94d818120998c15892a57d3fd27d24f8151f6ea188dcf5bb7b7f3,sealed
E-060-3592-p,E-060,2f0d3d846b45601a4e22259579c9b248fe661d973a9ae2c49e5a4018408da90b,,954ffdf189f94feacf210ec74155fe2972a5a49d553753d2d97a40e8f7285ea3,dev
E-060-3593-p,E-060,819c7b410bc3df508906c285498c74a374f717a4751da396cc7ef167e7d63da8,,b9bf3a5abe65fdf06c15a6a76832f9a88e5fe08ca324bbba11317e7af17204a3,dev
E-060-3594-p,E-060,fafbb68e082bcb6ac3947c981ad0f3db04408fd8fedb531a0a15625975e53a22,,16043d8764cb94fbdf6c82f3b38675d14c80fc6ceabad05c025f87b902ddbe69,dev
E-060-3595-p,E-060,65ced76e5237ad5697efc91dc544b9246337fd4ac91538983eefb128eafd1207,,588334d414f0b17477663d4063734ec16f8145cae93a5a9dd6462d28c742e465,dev
E-060-3596-p,E-060,cc2c26050096e9c32c145e5cac5c77dca5c0242ce391fd288e002c9d28819ed2,,b50a9d1bae7be827646505fad96d1f0abed9abf300a998375628dc5449d83d99,dev
E-061-3597-p,E-061,9536b8b7522fef1609be72b3f82a7e8fa7e4581b51b5bfe1d9697ea82808012f,,049a5eecc0e5e74aa0405e8b34c07c91fa92996371117c2c510de13633c2e686,dev
E-061-3598-p,E-061,c27c1e30f9e2aca228a742684b3a81cbf43fba9c7331950b4839cbab83b8e81f,,ce17546849ed58a8ed3948faae26683e520b47a0b076b08dd04fc4f0416f4e88,dev
E-061-3599-p,E-061,e5f5e313132b412c541612b58576cbae465a6bdce6de27bd79ef140d9f81d105,,d1c8df931c8584b0f817a6dd4ad77ce62a27b3da0ceb84502e210a3584efa206,dev
E-061-3600-p,E-061,79c9b5adabfd13030c4652a3de210ac7ba5ab88defcb0f1b0c2c948f0ae1520f,,a73c752afd586dd712bde1ab30342eb455c51a578c510af081b7910203e4d313,dev
E-061-3601-p,E-061,cee2e906165d4ebf90425ed0a80edc5de22c0b35fa7e0290ae11c10083a22376,,321c3bc7fee9dcb1765b0bfb4e1cff1c1df02271b1912a5f37aa07b0f9fe91e6,dev
E-061-3602-p,E-061,0bbbc03167d99893f3fc09a013c4117c2ef5a3f5d43f135af875407ee520153f,,d5c5ed8b697bb0b6116d5116225db328f35c3441049d3f83953f715299cfc698,dev
E-062-3603-p,E-062,4bd95a6d04bddcabe04098e58c42d85d50e031de256a7688767abbf59134032e,,173e0dd2df39b1b080f9ce28d2d0a2e9f4a3db14c945703e311faf25a9ff8d4f,dev
E-062-3604-p,E-062,49933599bdcbb7b4453aebf0f436b0fabb0924d3f1b3f5761ad3553d74098fd4,,f35d79cdbb0f93b89d634d105c67ce37b631f39e528dc0487f0e0144d3b6ec87,dev
E-062-3605-p,E-062,2a0e9aee4b2fc4ed8ebb7812057f61c60108ee33ea829abb29cd5f4d46e8a499,,7276adeed279ba1ad0f2a8d025eb33a30dc4f784cd2e61b4727d80b01ce4e570,dev
E-062-3606-p,E-062,e7abf7c2457625b83214046939a8df67de75debc26c34ffda20a6c07a9f798b5,,d38808ea6935e71c550b27126491afb6d410352f18a8654682191279829358e2,dev
E-063-3607-p,E-063,27d5813a7fec0031fa3c7ef4cc2a13472bdac9ad8e64649400637f63882d98ad,,d273c7efb2561ccfb478404d50932114cf4fc705fcbf269e24d0db475ce2f676,calib
E-063-3608-p,E-063,353609869dc9fafd6aee93da67e6acc0ff4b7f2ce6c9ce1560bba8259f5e12e5,,0da44a4784b6847e53979c4a8c08401e1c5b09be4f5a113d84df766724d70b6d,calib
E-063-3609-p,E-063,38c2b269c36e78f686e232580a3966a8d7ddb320593ff9f4e8e30b1f31fe427b,,a2bd8c9c2c333d6e0182c8031dce1104f891b6505895c13cef5e27b2edc87674,calib
E-063-3610-p,E-063,20ac6986cdf0d33900acff830367e556b9634f14a597a0910cfad215fa2a4b81,,933fcc06e56543abddae496978e366320c116b92cb56bfdcdfcb393580469faa,calib
E-063-3611-p,E-063,d7a04f448c2cf44a745d3243ceb112e78ba7fc8b9b485abdeb2ecfbc4af57f55,,6fff8776e773dddddb175c7d247c73615036a08dce94d929c80a5251995c3394,calib
E-064-3612-p,E-064,1abc1167c07a8624a6844323e50dd9856dfc4b62f0a1e8c50a719badc426d54b,,302192a36aea1a85d12b6b5b8e56ff630b5c84c55fad1c02f6bb0fc9ea9dea6a,sealed
E-064-3613-p,E-064,65cd40ce322d0643cb7bc9d14ccf2f78b9cf9795148b6c5145aeccdaccf0a201,,8a8ae6373fe7fefb6bce08910eb242f88e64541e963aa2a01b508561f90813fd,sealed
E-064-3614-p,E-064,9e20460a750af93ad6051f1c5a364ca29170d8fb9d878c665109014cf526f820,,475c05ed82893cc7a3d3b5547eac1f051688b4dec961103eaad169c3a314af6f,sealed
E-064-3615-p,E-064,fd312fe8d0b61b26f25734237354896a12cd6ec24ce5312325383643c86be0bb,,0aa23d4583e7f00826748d0d84a925bdd6771d81c858df1bfe77eeafb865374f,sealed
E-064-3616-p,E-064,e4b7600dafd719f5d90ae4ee662034582e7f06c9ff1821ecb62f4010d08d621e,,e6955059fae71885b5963eb090fb8e340b31487ae0f492e5175cf181bd5c72a5,sealed
E-064-3617-p,E-064,d4c82a982ca9b0498ac5ee8bd12d463431b8b359a4ce9a0eb9fdeecb2c5bd8a0,,395707bacdbe0fed832f8f74a5c9dc9dbb4b301683cebfe06ea3967e3c0c7b2c,sealed
